id;ma_kho;ten_kho;ngay_tao;username
1;Ergonomic Gourde Money;Belarussian;2023-12-14T06:51:28;microchip generating
2;niches Sports;Steel;2023-12-14T17:39:29;Burg
3;Colorado;Market GB architectures;2023-12-14T23:31:19;Berkshire
4;Tools Sausages;Up-sized Buckinghamshire;2023-12-14T23:27:42;Jersey Platinum
5;portals Incredible;XML;2023-12-14T03:03:33;Pizza
6;quantify Expanded;Mobility;2023-12-14T07:09:12;Avon RSS
7;Keyboard Outdoors;Plastic HDD bypass;2023-12-14T12:09:45;policy
8;Bedfordshire Developer;Radial Nepal;2023-12-15T01:54:43;Illinois
9;hard silver;feed payment;2023-12-14T03:18:31;synergies Officer Iowa
10;Public-key Division Lead;Books violet;2023-12-14T11:53:41;Loan product Neck
